Episode,Reward,Epsilon,Alpha,Steps,Max_Q
1,25.526661917013413,0.995,0.3,95,1.1190224802550224
2,23.55510618529605,0.990025,0.2994,100,2.0182814305789547
3,23.55510618529605,0.985074875,0.2988012,100,2.910659415572082
4,23.55510618529605,0.9801495006250001,0.2982035976,100,3.747302401910442
5,23.55510618529605,0.9752487531218751,0.2976071904048,100,4.541231606821413
6,23.55510618529605,0.9703725093562657,0.2970119760239904,100,5.29964733610934
7,25.718032881104733,0.9655206468094844,0.29641795207194244,100,5.7531702816259696
8,25.70591606562835,0.960693043575437,0.29582511616779855,100,6.397723616314293
9,25.718032881104733,0.9558895783575597,0.2952334659354629,100,7.0187951495824485
10,25.718032881104733,0.9511101304657719,0.29464299900359203,100,7.5744770230737135
11,25.85062901825751,0.946354579813443,0.2940537130055848,100,8.076774618727073
12,22.756741829794596,0.9416228069143757,0.29346560557957363,73,8.537238048924152
13,22.756741829794596,0.9369146928798039,0.2928786743684145,73,8.970126793934718
14,22.756741829794596,0.9322301194154049,0.2922929170196777,73,9.38649809673489
15,22.756741829794596,0.9275689688183278,0.2917083311856383,73,9.783786295163704
16,25.718032881104733,0.9229311239742362,0.29112491452326705,100,10.205983462390714
17,22.756741829794596,0.918316468354365,0.2905426646942205,73,10.55316652587395
18,25.718032881104733,0.9137248860125932,0.289961579364832,100,10.887889318534741
19,25.85062901825751,0.9091562615825302,0.2893816562061024,100,11.23023739083952
20,25.85062901825751,0.9046104802746175,0.2888028928936902,100,11.598422218008022
21,25.85062901825751,0.9000874278732445,0.2882252871079028,100,11.906108906466036
22,25.85062901825751,0.8955869907338783,0.287648836533687,100,12.244078165543916
23,25.85062901825751,0.8911090557802088,0.28707353886061965,100,12.52685426967975
24,25.85062901825751,0.8866535105013078,0.2864993917828984,100,12.837552816292783
25,25.85062901825751,0.8822202429488013,0.2859263929993326,100,13.168963502530714
26,25.85062901825751,0.8778091417340573,0.28535454021333395,100,13.426368975647808
27,25.85062901825751,0.8734200960253871,0.28478383113290723,100,13.71546818174574
28,25.84121743591624,0.8690529955452602,0.28421426347064144,100,13.944992689003444
29,25.84121743591624,0.8647077305675338,0.28364583494370016,100,14.164219239966453
30,22.852348311276078,0.8603841919146962,0.28307854327381277,75,14.353198110871103
31,22.491390783994298,0.8560822709551227,0.28251238618726515,48,14.522889004018605
32,22.491390783994298,0.851801859600347,0.28194736141489063,48,14.677802929586175
33,22.595409069997935,0.8475428503023453,0.2813834666920608,49,14.821574174525889
34,22.595409069997935,0.8433051360508336,0.2808206997586767,49,14.956236908762241
35,23.23347813725162,0.8390886103705794,0.2802590583591593,50,15.083072546466914
36,23.23347813725162,0.8348931673187264,0.279698540242441,50,15.20297195584358
37,23.23347813725162,0.8307187014821328,0.27913914316195615,50,15.31142870851563
38,23.23347813725162,0.8265651079747222,0.2785808648756322,50,15.41099637048289
39,22.855220071568706,0.8224322824348486,0.27802370314588093,39,15.503525398803335
40,22.855220071568706,0.8183201210226743,0.2774676557395892,39,15.650310048357131
41,22.855220071568706,0.8142285204175609,0.27691272042811,39,15.832771744436469
42,22.855220071568706,0.810157377815473,0.2763588949872538,39,16.038549081780932
43,22.855220071568706,0.8061065909263957,0.2758061771972793,39,16.25884822326177
44,22.855220071568706,0.8020760579717637,0.27525456484288474,39,16.48742798764592
45,23.00178362046917,0.798065677681905,0.27470405571319895,40,16.719874353163874
46,23.00178362046917,0.7940753492934954,0.27415464760177255,40,16.953081470412705
47,23.00178362046917,0.7901049725470279,0.27360633830656905,40,17.184880145806183
48,23.00178362046917,0.7861544476842928,0.2730591256299559,40,17.413771717371095
49,23.00178362046917,0.7822236754458713,0.27251300737869594,40,17.63873730817427
50,23.00178362046917,0.778312557068642,0.27196798136393857,40,17.859101030511425
51,23.00178362046917,0.7744209942832988,0.2714240454012107,40,18.074431832705223
52,23.00178362046917,0.7705488893118823,0.2708811973104083,40,18.28447304340895
53,20.510203289161293,0.7666961448653229,0.2703394349157875,23,18.489091781929744
54,20.510203289161293,0.7628626641409962,0.2697987560459559,23,18.688242626801415
55,20.510203289161293,0.7590483508202912,0.26925915853386395,23,18.881941524213108
56,20.510203289161293,0.7552531090661897,0.26872064021679626,23,19.070247054748265
57,20.510203289161293,0.7514768435208588,0.2681831989363626,23,19.2532469906598
58,20.510203289161293,0.7477194593032545,0.2676468325384899,23,19.431048658844915
59,20.510203289161293,0.7439808620067382,0.26711153887341293,23,19.606558028616593
60,20.510203289161293,0.7402609576967045,0.2665773157956661,23,19.78580226531463
61,20.510203289161293,0.736559652908221,0.26604416116407476,23,19.964424499623632
62,20.510203289161293,0.7328768546436799,0.26551207284174666,23,20.140114131165287
63,20.510203289161293,0.7292124703704616,0.26498104869606315,23,20.311683776662314
64,23.549747306811796,0.7255664080186093,0.264451086598671,39,20.47856223272802
65,23.549747306811796,0.7219385759785162,0.26392218442547366,39,20.62138810330821
66,23.549747306811796,0.7183288830986236,0.2633943400566227,39,20.760115113262195
67,23.549747306811796,0.7147372386831305,0.26286755137650947,39,20.894866127329653
68,23.549747306811796,0.7111635524897149,0.26234181627375647,39,21.025760841793684
69,23.549747306811796,0.7076077347272662,0.2618171326412089,39,21.15291565515356
70,22.49955128126615,0.7040696960536299,0.2612934983759265,33,21.276443609922083
71,20.749224572023408,0.7005493475733617,0.2607709113791747,23,21.396454384552403
72,20.565956642542577,0.697046600835495,0.2602493695564163,18,21.513054320355252
73,20.682356113442047,0.6935613678313175,0.2597288708173035,19,21.624983200271878
74,24.798291887664973,0.6900935609921609,0.25920941307566886,41,21.73273774504514
75,20.682356113442047,0.6866430931872001,0.2586909942495175,19,21.836705367941715
76,20.247442443633847,0.6832098777212641,0.2581736122610185,15,21.814892495757892
77,20.247442443633847,0.6797938283326578,0.25765726503649644,15,21.82474361977214
78,20.247442443633847,0.6763948591909945,0.25714195050642347,15,21.85726056904206
79,22.66434631681505,0.6730128848950395,0.25662766660541064,37,21.905829754311775
80,22.259784064830935,0.6696478204705644,0.2561144112721998,37,21.973484235687007
81,25.000158160606446,0.6662995813682115,0.25560218244965544,44,22.054389724686903
82,22.283750711863032,0.6629680834613705,0.2550909780847561,40,21.797864248896524
83,22.05999409810642,0.6596532430440636,0.2545807961285866,40,21.644845893560152
84,21.24882007363551,0.6563549768288433,0.2540716345363294,31,21.567583834860883
85,20.921349985383195,0.653073201944699,0.25356349126725675,31,21.545559639787182
86,21.113820967526046,0.6498078359349755,0.2530563642847222,31,21.563598916927763
87,21.18686348158028,0.6465587967553006,0.2525502515561528,31,21.610211447834413
88,21.18686348158028,0.6433260027715241,0.2520451510530405,31,21.677172909105437
89,21.18686348158028,0.6401093727576664,0.2515410607509344,31,21.758403215593123
90,24.83532248662326,0.6369088258938781,0.2510379786294325,45,21.849410459533626
91,21.745144054703644,0.6337242817644086,0.2505359026721737,37,21.638101994697497
92,22.377569417426862,0.6305556603555866,0.2500348308668293,37,21.40038628066245
93,21.01256484463419,0.6274028820538087,0.24953476120509566,31,21.261148478794837
94,20.82019882487559,0.6242658676435396,0.24903569168268547,30,21.194425747763663
95,23.953868633076652,0.6211445383053219,0.24853762029932008,37,21.180892682046586
96,21.527226923007213,0.6180388156137953,0.24804054505872145,30,20.963841512156066
97,21.759901955042565,0.6149486215357263,0.247544463968604,30,20.791415205617685
98,22.826392556274392,0.6118738784280476,0.24704937504066682,37,20.69950639014435
99,21.590231531968826,0.6088145090359074,0.24655527629058546,34,20.624153884085803
100,25.49273686899319,0.6057704364907278,0.2460621657380043,100,19.13411647951684
101,25.49273686899319,0.6027415843082742,0.2455700414065283,100,19.13411647951684
102,25.55013462723143,0.5997278763867329,0.24507890132371524,100,19.13411647951684
103,25.331453819053053,0.5967292370047992,0.2445887435210678,100,19.13411647951684
104,25.266860248597833,0.5937455908197752,0.24409956603402566,100,19.13411647951684
105,29.669243700247087,0.5907768628656763,0.24361136690195762,100,19.13411647951684
106,29.843579203840054,0.5878229785513479,0.2431241441681537,100,19.13411647951684
107,30.803988512805216,0.5848838636585911,0.24263789587981738,87,19.13411647951684
108,30.91433131039248,0.5819594443402982,0.24215262008805774,87,19.13411647951684
109,22.006738097359985,0.5790496471185967,0.24166831484788165,39,19.13411647951684
110,22.112539722828053,0.5761543988830038,0.24118497821818588,39,19.13411647951684
111,23.473976352636413,0.5732736268885887,0.2407026082617495,55,19.13411647951684
112,25.779483039255847,0.5704072587541458,0.240221203045226,66,19.13411647951684
113,24.190627317899594,0.567555222460375,0.23974076063913555,55,19.13411647951684
114,30.238819368456593,0.5647174463480732,0.23926127911785727,77,19.13411647951684
115,30.184444686984307,0.5618938591163328,0.23878275655962156,62,19.13411647951684
116,31.077022830408104,0.5590843898207511,0.2383051910465023,79,19.13411647951684
117,31.225017699279483,0.5562889678716474,0.23782858066440932,89,19.13411647951684
118,30.379897866795265,0.5535075230322891,0.2373529235030805,80,19.13411647951684
119,31.604949352116616,0.5507399854171277,0.23687821765607434,90,19.13411647951684
120,32.184476585482656,0.547986285490042,0.23640446122076217,90,19.13411647951684
121,32.33143766578171,0.5452463540625918,0.23593165229832064,90,19.13411647951684
122,28.43328141736525,0.5425201222922789,0.23545978899372402,38,19.13411647951684
123,26.415782476179597,0.5398075216808175,0.23498886941573657,22,19.13411647951684
124,27.310296764882434,0.5371084840724134,0.2345188916769051,56,19.13411647951684
125,27.23325256619599,0.5344229416520513,0.2340498538935513,56,19.13411647951684
126,33.60601936086698,0.531750826943791,0.23358175418576418,95,19.13411647951684
127,32.28037211220749,0.5290920728090721,0.23311459067739265,84,19.13411647951684
128,27.180166442354967,0.5264466124450268,0.23264836149603788,70,19.13411647951684
129,27.51350112228951,0.5238143793828016,0.2321830647730458,70,19.13411647951684
130,27.63417437282581,0.5211953074858876,0.2317186986434997,70,19.13411647951684
131,27.135943161946763,0.5185893309484582,0.2312552612462127,37,19.13411647951684
132,26.65985655224378,0.5159963842937159,0.2307927507237203,24,19.13411647951684
133,27.086089375556792,0.5134164023722473,0.23033116522227284,34,19.13411647951684
134,25.971572540209387,0.510849320360386,0.2298705028918283,64,19.13411647951684
135,26.431367744060378,0.5082950737585841,0.22941076188604462,56,19.13411647951684
136,28.103135202067723,0.5057535983897912,0.22895194036227254,90,19.13411647951684
137,26.856187283448524,0.5032248303978422,0.228494036481548,68,19.13411647951684
138,21.817483481280764,0.500708706245853,0.2280370484085849,100,19.13411647951684
139,32.751315534577046,0.4982051627146237,0.22758097431176774,43,19.13411647951684
140,35.72075666309337,0.49571413690105054,0.22712581236314422,65,19.13411647951684
141,34.227910208779974,0.4932355662165453,0.2266715607384179,65,19.13411647951684
142,33.34213277246032,0.4907693883854626,0.22621821761694108,51,19.13411647951684
143,32.844580458436766,0.4883155414435353,0.2257657811817072,33,19.13411647951684
144,37.703939831693596,0.4858739637363176,0.22531424961934376,66,19.13411647951684
145,38.25025724994698,0.483444593917636,0.22486362112010508,66,19.13411647951684
146,19.952855698839976,0.4810273709480478,0.22441389387786487,100,19.13411647951684
147,20.03429592618226,0.47862223409330756,0.22396506609010916,100,19.13411647951684
148,22.741841565851658,0.47622912292284103,0.2235171359579289,100,19.13411647951684
149,23.660288339563436,0.4738479773082268,0.22307010168601307,100,19.13411647951684
150,25.16144603902811,0.47147873742168567,0.22262396148264105,100,19.13411647951684
151,20.355264487205766,0.46912134373457726,0.22217871355967578,100,19.13411647951684
152,22.26502698404553,0.46677573701590436,0.22173435613255643,100,19.13411647951684
153,20.546244971551662,0.46444185833082485,0.2212908874202913,100,19.13411647951684
154,35.01957513407324,0.46211964903917074,0.22084830564545072,100,19.13411647951684
155,35.00406674575782,0.4598090507939749,0.22040660903415982,100,19.13411647951684
156,39.72410069785746,0.457510005540005,0.21996579581609152,100,19.13411647951684
157,37.138077801073734,0.45522245551230495,0.2195258642244593,100,19.13411647951684
158,31.138003633233755,0.4529463432347434,0.2190868124960104,100,19.13411647951684
159,41.245833220676964,0.4506816115185697,0.21864863887101837,100,19.13411647951684
160,39.30298796920294,0.4484282034609769,0.21821134159327635,100,19.13411647951684
161,18.06355616496025,0.446186062443672,0.21777491891008977,100,19.13411647951684
162,23.586178294480703,0.4439551321314536,0.2173393690722696,100,19.13411647951684
163,22.362349676378088,0.4417353564707963,0.21690469033412504,100,19.13411647951684
164,27.168024691058896,0.43952667968844233,0.21647088095345682,100,19.13411647951684
165,26.196881089640964,0.43732904629000013,0.2160379391915499,100,19.13411647951684
166,28.36377511865085,0.4351424010585501,0.21560586331316678,100,19.13411647951684
167,24.800024082158743,0.43296668905325736,0.21517465158654045,100,19.13411647951684
168,27.299706327683868,0.43080185560799106,0.21474430228336738,100,19.13411647951684
169,33.0599605534223,0.4286478463299511,0.21431481367880065,100,19.13411647951684
170,32.74209180696166,0.42650460709830135,0.21388618405144305,100,19.13411647951684
171,40.421476617029825,0.42437208406280985,0.21345841168334018,100,19.13411647951684
172,31.55770699865654,0.4222502236424958,0.2130314948599735,100,19.13411647951684
173,31.52083199147821,0.42013897252428334,0.21260543187025352,100,19.13411647951684
174,25.272414259263854,0.4180382776616619,0.21218022100651304,100,19.13411647951684
175,35.23489079589825,0.4159480862733536,0.2117558605645,100,19.13411647951684
176,24.903074021049942,0.41386834584198684,0.21133234884337102,100,19.13411647951684
177,36.47483759704069,0.4117990041127769,0.21090968414568426,100,19.13411647951684
178,24.54163783950041,0.40974000909221303,0.21048786477739287,100,19.13411647951684
179,23.780845779778755,0.40769130904675194,0.2100668890478381,100,19.13411647951684
180,24.593177688526737,0.40565285250151817,0.2096467552697424,100,19.13411647951684
181,24.802138945299568,0.4036245882390106,0.20922746175920293,100,19.13411647951684
182,23.871422332250017,0.4016064652978155,0.2088090068356845,100,19.13411647951684
183,20.81561463177077,0.3995984329713264,0.20839138882201316,100,19.13411647951684
184,27.9684751406069,0.3976004408064698,0.20797460604436913,100,19.13411647951684
185,25.780487190150826,0.39561243860243744,0.2075586568322804,100,19.13411647951684
186,36.9201331978489,0.3936343764094253,0.20714353951861583,100,19.13411647951684
187,37.05100654144446,0.39166620452737816,0.2067292524395786,100,19.13411647951684
188,39.22570521229496,0.3897078735047413,0.20631579393469943,100,19.13411647951684
189,34.01383811577,0.3877593341372176,0.20590316234683004,100,19.13411647951684
190,34.30804052593525,0.3858205374665315,0.2054913560221364,100,19.13411647951684
191,-2.5328877908839966,0.38389143477919885,0.2050803733100921,100,19.13411647951684
192,-0.861709061727033,0.3819719776053028,0.20467021256347193,100,19.13411647951684
193,-0.6058402122419677,0.3800621177172763,0.20426087213834498,100,19.13411647951684
194,3.6877496094506235,0.37816180712868996,0.2038523503940683,100,19.13411647951684
195,-1.7818592832007103,0.37627099809304654,0.20344464569328014,100,19.13411647951684
196,9.189376721079757,0.3743896431025813,0.2030377564018936,100,19.13411647951684
197,7.173149935182063,0.37251769488706843,0.2026316808890898,100,19.13411647951684
198,7.824222660423358,0.3706551064126331,0.20222641752731163,100,19.13411647951684
199,33.638504132542934,0.36880183088056995,0.201821964692257,100,19.13411647951684
200,9.560676636234273,0.3669578217261671,0.20141832076287247,100,19.13411647951684
201,13.88026179043317,0.36512303261753626,0.20101548412134676,100,19.13411647951684
202,24.494995075326024,0.3632974174544486,0.20061345315310405,100,19.13411647951684
203,28.01013050518754,0.3614809303671764,0.20021222624679783,100,19.13411647951684
204,26.460586192858525,0.3596735257153405,0.19981180179430422,100,19.13411647951684
205,32.98936451283509,0.3578751580867638,0.19941217819071563,100,19.13411647951684
206,42.93919026836494,0.35608578229633,0.19901335383433422,100,19.13411647951684
207,46.5852645480725,0.3543053533848483,0.19861532712666552,100,19.13411647951684
208,45.281382934617355,0.35253382661792404,0.1982180964724122,100,19.13411647951684
209,47.13066526141276,0.3507711574848344,0.19782166027946738,100,19.13411647951684
210,41.13044995588016,0.34901730169741024,0.19742601695890846,100,19.13411647951684
211,42.29383452580474,0.3472722151889232,0.19703116492499062,100,19.13411647951684
212,38.39479148032138,0.3455358541129786,0.19663710259514064,100,19.13411647951684
213,40.00322424878652,0.3438081748424137,0.19624382838995036,100,19.13411647951684
214,11.423488142667539,0.3420891339682016,0.19585134073317045,100,19.13411647951684
215,21.26088581719629,0.3403786882983606,0.1954596380517041,100,19.13411647951684
216,37.68581217263725,0.3386767948568688,0.19506871877560072,100,19.13411647951684
217,42.215907426545805,0.33698341088258443,0.19467858133804952,100,19.13411647951684
218,24.023628451128385,0.3352984938281715,0.1942892241753734,100,19.13411647951684
219,32.59067122124773,0.33362200135903064,0.19390064572702267,100,19.13411647951684
220,39.10715635840616,0.33195389135223546,0.19351284443556863,100,19.13411647951684
221,1.4168530668392063,0.3302941218954743,0.1931258187466975,100,19.13411647951684
222,9.72320986370789,0.32864265128599696,0.19273956710920406,100,19.13411647951684
223,15.282661762435737,0.326999438029567,0.19235408797498568,100,19.13411647951684
224,22.137226609606945,0.3253644408394192,0.19196937979903572,100,19.13411647951684
225,8.239363141608052,0.3237376186352221,0.19158544103943764,100,19.13411647951684
226,9.74957046994659,0.322118930542046,0.19120227015735874,100,19.13411647951684
227,10.698148825773892,0.32050833588933575,0.19081986561704403,100,19.13411647951684
228,9.710331796325082,0.31890579420988907,0.19043822588580994,100,19.13411647951684
229,4.025864789494746,0.3173112652388396,0.19005734943403832,100,19.13411647951684
230,14.88973643415408,0.3157247089126454,0.18967723473517026,100,19.13411647951684
231,10.912134810642335,0.3141460853680822,0.1892978802656999,100,19.13411647951684
232,25.29625794310542,0.3125753549412418,0.1889192845051685,100,19.13411647951684
233,13.625011403134966,0.31101247816653554,0.18854144593615818,100,19.13411647951684
234,13.027403461500773,0.30945741577570285,0.18816436304428585,100,19.13411647951684
235,11.487628131928268,0.3079101286968243,0.1877880343181973,100,19.13411647951684
236,-17.384986403713054,0.3063705780533402,0.18741245824956088,100,19.13411647951684
237,2.4266609680541933,0.30483872516307353,0.18703763333306175,100,19.13411647951684
238,-25.93227184356607,0.3033145315372582,0.18666355806639565,100,19.13411647951684
239,38.57413327757743,0.3017979588795719,0.18629023095026284,100,19.13411647951684
240,-11.244928374870636,0.30028896908517405,0.1859176504883623,100,19.13411647951684
241,39.124632577106404,0.2987875242397482,0.1855458151873856,100,19.13411647951684
242,-1.3805155097039912,0.29729358661854943,0.1851747235570108,100,19.13411647951684
243,25.694549373560616,0.29580711868545667,0.1848043741098968,100,19.13411647951684
244,27.5807000324466,0.2943280830920294,0.18443476536167702,100,19.13411647951684
245,23.890670506820435,0.29285644267656924,0.18406589583095365,100,19.13411647951684
246,26.74266425988269,0.2913921604631864,0.18369776403929175,100,19.13411647951684
247,3.883221498665959,0.28993519966087045,0.18333036851121318,100,19.13411647951684
248,23.71302478444011,0.2884855236625661,0.18296370777419074,100,19.13411647951684
249,10.7473126115723,0.28704309604425327,0.18259778035864235,100,19.13411647951684
250,26.427311012139725,0.285607880564032,0.18223258479792506,100,19.13411647951684
251,21.669117143988146,0.28417984116121187,0.18186811962832922,100,19.13411647951684
252,18.794602813412638,0.2827589419554058,0.18150438338907257,100,19.13411647951684
253,25.74126745005877,0.28134514724562876,0.18114137462229443,100,19.13411647951684
254,6.25017900559824,0.2799384215094006,0.18077909187304983,100,19.13411647951684
255,24.1886576856556,0.27853872940185365,0.18041753368930374,100,19.13411647951684
256,16.71550075933237,0.27714603575484437,0.18005669862192514,100,19.13411647951684
257,10.473214905978544,0.2757603055760701,0.17969658522468127,100,19.13411647951684
258,15.171714943982938,0.2743815040481898,0.17933719205423193,100,19.13411647951684
259,10.667260983187727,0.2730095965279488,0.17897851767012346,100,19.13411647951684
260,10.991316495100095,0.27164454854530906,0.1786205606347832,100,19.13411647951684
261,10.100250897340079,0.2702863258025825,0.17826331951351365,100,19.13411647951684
262,21.282159203215855,0.2689348941735696,0.1779067928744866,100,19.13411647951684
263,28.805053991023414,0.26759021970270175,0.17755097928873761,100,19.13411647951684
264,20.465031422685485,0.2662522686041882,0.17719587733016015,100,19.13411647951684
265,20.34767374141195,0.2649210072611673,0.17684148557549986,100,19.13411647951684
266,26.79426058881299,0.26359640222486147,0.17648780260434885,100,19.13411647951684
267,24.929176154523162,0.26227842021373715,0.17613482699914015,100,19.13411647951684
268,24.495044542509273,0.2609670281126685,0.17578255734514187,100,19.13411647951684
269,16.725782870303917,0.25966219297210513,0.17543099223045155,100,19.13411647951684
270,21.878078170623485,0.2583638820072446,0.17508013024599064,100,19.13411647951684
271,30.303025372181196,0.2570720625972084,0.1747299699854987,100,19.13411647951684
272,30.541487001471637,0.25578670228422234,0.17438051004552768,100,19.13411647951684
273,27.514439825835517,0.25450776877280124,0.17403174902543664,100,19.13411647951684
274,23.294134846777006,0.2532352299289372,0.17368368552738575,100,19.13411647951684
275,16.467175629100005,0.2519690537792925,0.17333631815633097,100,19.13411647951684
276,26.49514957240058,0.2507092085103961,0.17298964552001833,100,19.13411647951684
277,15.803250865853196,0.2494556624678441,0.1726436662289783,100,19.13411647951684
278,21.17352922456384,0.24820838415550486,0.17229837889652036,100,19.13411647951684
279,20.168771430832837,0.24696734223472733,0.17195378213872728,100,19.13411647951684
280,27.728931788563234,0.2457325055235537,0.17160987457444984,100,19.13411647951684
281,31.80222876808674,0.24450384299593592,0.17126665482530093,100,19.13411647951684
282,19.1149182280919,0.24328132378095624,0.1709241215156503,100,19.13411647951684
283,26.65512261073719,0.24206491716205145,0.17058227327261904,100,19.13411647951684
284,29.944164910210258,0.2408545925762412,0.1702411087260738,100,19.13411647951684
285,17.32702816534204,0.23965031961336,0.16990062650862164,100,19.13411647951684
286,26.556196934397825,0.2384520680152932,0.1695608252556044,100,19.13411647951684
287,27.16571797094107,0.23725980767521673,0.1692217036050932,100,19.13411647951684
288,21.31848310316002,0.23607350863684065,0.168883260197883,100,19.13411647951684
289,24.095329816106442,0.23489314109365644,0.16854549367748725,100,19.13411647951684
290,32.740182390510405,0.23371867538818816,0.1682084026901323,100,19.13411647951684
291,23.086025817753463,0.23255008201124722,0.167871985884752,100,19.13411647951684
292,28.746266539786387,0.231387331601191,0.16753624191298247,100,19.13411647951684
293,32.588398332572666,0.23023039494318503,0.16720116942915655,100,19.13411647951684
294,30.97479081033164,0.2290792429684691,0.1668667670902982,100,19.13411647951684
295,21.03889352988789,0.22793384675362674,0.16653303355611762,100,19.13411647951684
296,22.70417674315316,0.22679417751985861,0.16619996748900537,100,19.13411647951684
297,23.618398266485,0.22566020663225933,0.16586756755402737,100,19.13411647951684
298,22.049266642073597,0.22453190559909803,0.1655358324189193,100,19.13411647951684
299,29.53098373087958,0.22340924607110255,0.16520476075408147,100,19.13411647951684
300,31.68303211144161,0.22229219984074702,0.1648743512325733,100,19.13411647951684
301,37.16443773730441,0.2211807388415433,0.16454460253010816,100,19.13411647951684
302,26.006183286495606,0.22007483514733558,0.16421551332504797,100,19.13411647951684
303,33.026470665260746,0.2189744609715989,0.16388708229839788,100,19.13411647951684
304,36.16315597476513,0.2178795886667409,0.16355930813380107,100,19.13411647951684
305,24.717319089794035,0.2167901907234072,0.16323218951753346,100,19.13411647951684
306,20.00133431274566,0.21570623976979014,0.16290572513849838,100,19.13411647951684
307,13.805030537575039,0.21462770857094118,0.1625799136882214,100,19.13411647951684
308,30.898165535523262,0.21355457002808648,0.16225475386084495,100,19.13411647951684
309,24.219351658567412,0.21248679717794605,0.16193024435312325,100,19.13411647951684
310,42.04789253459043,0.21142436319205632,0.161606383864417,100,19.13411647951684
311,42.269542680676,0.21036724137609603,0.1612831710966882,100,19.13411647951684
312,20.95289688766886,0.20931540516921554,0.1609606047544948,100,19.13411647951684
313,31.59727297898612,0.20826882814336947,0.1606386835449858,100,19.13411647951684
314,31.69552598691969,0.20722748400265262,0.16031740617789586,100,19.13411647951684
315,26.388143431192294,0.20619134658263935,0.15999677136554005,100,19.13411647951684
316,34.80367092444935,0.20516038984972615,0.15967677782280895,100,19.13411647951684
317,20.074299683860797,0.2041345879004775,0.15935742426716334,100,19.13411647951684
318,23.16264198894962,0.2031139149609751,0.15903870941862902,100,19.13411647951684
319,25.70706058390205,0.20209834538617025,0.15872063199979178,100,19.13411647951684
320,34.48844270897587,0.2010878536592394,0.15840319073579218,100,19.13411647951684
321,15.11357884023467,0.2000824143909432,0.15808638435432062,100,19.13411647951684
322,36.98237786087151,0.19908200231898848,0.15777021158561197,100,19.13411647951684
323,29.17826417703409,0.19808659230739353,0.15745467116244072,100,19.13411647951684
324,27.670297007043143,0.19709615934585656,0.15713976182011585,100,19.13411647951684
325,33.72873109124047,0.19611067854912728,0.15682548229647564,100,19.13411647951684
326,23.15522921631862,0.19513012515638165,0.15651183133188268,100,19.13411647951684
327,28.805253520022756,0.19415447453059972,0.1561988076692189,100,19.13411647951684
328,41.711203077717165,0.19318370215794672,0.15588641005388046,100,19.13411647951684
329,26.95090216025025,0.192217783647157,0.15557463723377268,100,19.13411647951684
330,28.168331131780974,0.1912566947289212,0.15526348795930517,100,19.13411647951684
331,30.220590470410386,0.1903004112552766,0.15495296098338657,100,19.13411647951684
332,43.14867407640846,0.18934890919900021,0.15464305506141976,100,19.13411647951684
333,39.3133483676916,0.18840216465300522,0.15433376895129694,100,19.13411647951684
334,37.143595356964525,0.18746015382974018,0.15402510141339434,100,19.13411647951684
335,30.096390764620438,0.1865228530605915,0.15371705121056756,100,19.13411647951684
336,16.49267373284807,0.18559023879528855,0.15340961710814643,100,19.13411647951684
337,37.293997491580264,0.1846622876013121,0.15310279787393014,100,19.13411647951684
338,16.949333114402634,0.18373897616330553,0.15279659227818226,100,19.13411647951684
339,36.46362520551152,0.182820281282489,0.15249099909362587,100,19.13411647951684
340,27.257090571266236,0.18190617987607657,0.15218601709543866,100,19.13411647951684
341,20.84749033554303,0.18099664897669618,0.15188164506124777,100,19.13411647951684
342,31.150833128023958,0.1800916657318127,0.15157788177112527,100,19.13411647951684
343,22.79588660040643,0.17919120740315364,0.15127472600758304,100,19.13411647951684
344,36.23216253965163,0.17829525136613786,0.15097217655556786,100,19.13411647951684
345,24.664759028298434,0.17740377510930716,0.1506702322024567,100,19.13411647951684
346,25.12150470001373,0.17651675623376062,0.15036889173805182,100,19.13411647951684
347,26.712145702944937,0.1756341724525918,0.1500681539545757,100,19.13411647951684
348,33.871598730555434,0.17475600159032884,0.14976801764666656,100,19.13411647951684
349,28.092353458974245,0.17388222158237718,0.14946848161137322,100,19.13411647951684
350,24.22762118083226,0.1730128104744653,0.14916954464815046,100,19.13411647951684
351,19.119832365403603,0.17214774642209296,0.14887120555885416,100,19.13411647951684
352,40.518182529616155,0.1712870076899825,0.14857346314773645,100,19.13411647951684
353,31.92760411062893,0.17043057265153258,0.148276316221441,100,19.13411647951684
354,16.75122858243255,0.16957841978827493,0.14797976358899811,100,19.13411647951684
355,34.23182504766932,0.16873052768933355,0.1476838040618201,100,19.13411647951684
356,25.45988179141554,0.1678868750508869,0.14738843645369648,100,19.13411647951684
357,27.79878768556967,0.16704744067563246,0.14709365958078907,100,19.13411647951684
358,21.507852813105423,0.1662122034722543,0.14679947226162748,100,19.13411647951684
359,23.40236828095157,0.16538114245489302,0.14650587331710424,100,19.13411647951684
360,13.1359703309518,0.16455423674261854,0.14621286157047003,100,19.13411647951684
361,22.848724525666533,0.16373146555890544,0.14592043584732908,100,19.13411647951684
362,25.6503100013913,0.16291280823111093,0.14562859497563443,100,19.13411647951684
363,39.674951671827955,0.16209824418995536,0.14533733778568317,100,19.13411647951684
364,24.036067275247987,0.16128775296900558,0.1450466631101118,100,19.13411647951684
365,36.24733316503166,0.16048131420416054,0.14475656978389156,100,19.13411647951684
366,37.63436450769711,0.15967890763313974,0.14446705664432377,100,19.13411647951684
367,22.61274674706356,0.15888051309497406,0.14417812253103515,100,19.13411647951684
368,3.8323314020876604,0.1580861105294992,0.14388976628597308,100,19.13411647951684
369,37.45485452943097,0.1572956799768517,0.14360198675340113,100,19.13411647951684
370,21.15215629446991,0.15650920157696743,0.14331478277989432,100,19.13411647951684
371,15.158318486544854,0.1557266555690826,0.14302815321433454,100,19.13411647951684
372,31.840336763531376,0.1549480222912372,0.14274209690790585,100,19.13411647951684
373,26.982992448895352,0.15417328217978102,0.14245661271409005,100,19.13411647951684
374,15.547122270783724,0.1534024157688821,0.14217169948866187,100,19.13411647951684
375,26.021575627005152,0.1526354036900377,0.14188735608968453,100,19.13411647951684
376,26.379433115465112,0.1518722266715875,0.14160358137750517,100,19.13411647951684
377,23.464493649639103,0.15111286553822956,0.14132037421475016,100,19.13411647951684
378,14.724470646082453,0.15035730121053842,0.14103773346632065,100,19.13411647951684
379,14.04018932077177,0.14960551470448571,0.14075565799938802,100,19.13411647951684
380,13.343438724089797,0.14885748713096328,0.14047414668338926,100,19.13411647951684
381,15.414272830183453,0.14811319969530845,0.14019319839002248,100,19.13411647951684
382,12.221007726261979,0.1473726336968319,0.13991281199324243,100,19.13411647951684
383,15.743086224365525,0.14663577052834775,0.13963298636925595,100,19.13411647951684
384,15.602519694439628,0.14590259167570602,0.13935372039651742,100,19.13411647951684
385,19.29403528739018,0.1451730787173275,0.1390750129557244,100,19.13411647951684
386,26.880916854407594,0.14444721332374086,0.13879686292981294,100,19.13411647951684
387,16.61830917027769,0.14372497725712216,0.13851926920395333,100,19.13411647951684
388,17.66975416088619,0.14300635237083656,0.1382422306655454,100,19.13411647951684
389,11.651679957912078,0.14229132060898236,0.1379657462042143,100,19.13411647951684
390,11.600296221128088,0.14157986400593744,0.13768981471180589,100,19.13411647951684
391,12.466062495131371,0.14087196468590776,0.13741443508238227,100,19.13411647951684
392,39.86663190495673,0.14016760486247823,0.13713960621221752,100,19.13411647951684
393,9.54016111512946,0.13946676683816583,0.1368653269997931,100,19.13411647951684
394,25.86525282410076,0.138769433003975,0.1365915963457935,100,19.13411647951684
395,11.941548006458387,0.13807558583895513,0.1363184131531019,100,19.13411647951684
396,13.269036928599794,0.13738520790976036,0.1360457763267957,100,19.13411647951684
397,3.385160550394637,0.13669828187021155,0.13577368477414212,100,19.13411647951684
398,21.347968102159314,0.13601479046086049,0.13550213740459383,100,19.13411647951684
399,10.435494521000063,0.1353347165085562,0.13523113312978463,100,19.13411647951684
400,15.534150510116191,0.1346580429260134,0.13496067086352506,100,19.13411647951684
401,6.718022609555809,0.13398475271138335,0.13469074952179802,100,19.13411647951684
402,0.2881356888571587,0.13331482894782642,0.13442136802275442,100,19.13411647951684
403,-2.393762466430705,0.13264825480308728,0.13415252528670893,100,19.13411647951684
404,5.145428973496845,0.13198501352907185,0.1338842202361355,100,19.13411647951684
405,7.183025040860791,0.1313250884614265,0.13361645179566323,100,19.13411647951684
406,-5.937283679251911,0.13066846301911936,0.13334921889207188,100,19.13411647951684
407,28.939730119586454,0.13001512070402377,0.13308252045428776,100,19.13411647951684
408,13.124310903100525,0.12936504510050365,0.13281635541337916,100,19.13411647951684
409,4.7666287207121725,0.12871821987500112,0.13255072270255241,100,19.13411647951684
410,2.6437526401604843,0.12807462877562611,0.1322856212571473,100,19.13411647951684
411,3.9669516111771563,0.12743425563174798,0.13202105001463302,100,19.13411647951684
412,2.7885255607936834,0.12679708435358925,0.13175700791460376,100,19.13411647951684
413,8.811081844862706,0.1261630989318213,0.13149349389877454,100,19.13411647951684
414,9.35994999718805,0.1255322834371622,0.13123050691097699,100,19.13411647951684
415,17.62952686775458,0.12490462201997637,0.13096804589715505,100,19.13411647951684
416,-9.402252529087738,0.1242800989098765,0.13070610980536074,100,19.13411647951684
417,6.773121026861777,0.12365869841532712,0.13044469758575,100,19.13411647951684
418,-7.042934427285058,0.12304040492325048,0.1301838081905785,100,19.13411647951684
419,9.221918967095874,0.12242520289863423,0.12992344057419736,100,19.13411647951684
420,19.25293594844321,0.12181307688414106,0.12966359369304897,100,19.13411647951684
421,16.891299008087437,0.12120401149972035,0.12940426650566286,100,19.13411647951684
422,14.931185757002805,0.12059799144222175,0.12914545797265153,100,19.13411647951684
423,6.774117033478801,0.11999500148501063,0.12888716705670622,100,19.13411647951684
424,0.7380603228389732,0.11939502647758558,0.1286293927225928,100,19.13411647951684
425,7.217654749245563,0.11879805134519765,0.12837213393714764,100,19.13411647951684
426,1.550762903603415,0.11820406108847166,0.12811538966927333,100,19.13411647951684
427,3.2078804881179774,0.1176130407830293,0.1278591588899348,100,19.13411647951684
428,-2.6935154494217803,0.11702497557911415,0.12760344057215492,100,19.13411647951684
429,9.817784765049922,0.11643985070121858,0.12734823369101061,100,19.13411647951684
430,-10.694864015469712,0.11585765144771248,0.1270935372236286,100,19.13411647951684
431,3.7496328903830527,0.11527836319047392,0.12683935014918132,100,19.13411647951684
432,17.47206158019303,0.11470197137452155,0.12658567144888297,100,19.13411647951684
433,6.636282301504451,0.11412846151764894,0.12633250010598518,100,19.13411647951684
434,15.219274105340892,0.1135578192100607,0.12607983510577322,100,19.13411647951684
435,15.404102558401783,0.11299003011401039,0.1258276754355617,100,19.13411647951684
436,-2.8840413864185357,0.11242507996344034,0.12557602008469054,100,19.13411647951684
437,9.088703820033249,0.11186295456362313,0.12532486804452117,100,19.13411647951684
438,18.062661913288398,0.11130363979080501,0.12507421830843213,100,19.13411647951684
439,2.731385579518242,0.11074712159185099,0.12482406987181527,100,19.13411647951684
440,16.71973272187969,0.11019338598389174,0.12457442173207164,100,19.13411647951684
441,14.057009711690725,0.10964241905397228,0.12432527288860751,100,19.13411647951684
442,10.577220772522011,0.10909420695870241,0.12407662234283028,100,19.13411647951684
443,14.135911688008456,0.1085487359239089,0.12382846909814461,100,19.13411647951684
444,-0.7759224233670885,0.10800599224428936,0.12358081215994833,100,19.13411647951684
445,-0.2248433038971236,0.10746596228306791,0.12333365053562843,100,19.13411647951684
446,4.674614667888922,0.10692863247165257,0.12308698323455718,100,19.13411647951684
447,16.809671832472095,0.1063939893092943,0.12284080926808806,100,19.13411647951684
448,18.257970293525528,0.10586201936274783,0.12259512764955188,100,19.13411647951684
449,13.058385245034335,0.10533270926593409,0.12234993739425278,100,19.13411647951684
450,22.4441332959281,0.10480604571960442,0.12210523751946427,100,19.13411647951684
451,32.18278535025187,0.1042820154910064,0.12186102704442535,100,19.13411647951684
452,27.050469159846575,0.10376060541355137,0.12161730499033649,100,19.13411647951684
453,24.205807868900337,0.1032418023864836,0.12137407038035582,100,19.13411647951684
454,20.722031255247625,0.10272559337455119,0.12113132223959511,100,19.13411647951684
455,27.477138391746294,0.10221196540767843,0.12088905959511592,100,19.13411647951684
456,10.111685061826641,0.10170090558064004,0.1206472814759257,100,19.13411647951684
457,18.987493910158424,0.10119240105273684,0.12040598691297383,100,19.13411647951684
458,19.64170496785634,0.10068643904747315,0.12016517493914788,100,19.13411647951684
459,5.179219196304106,0.10018300685223579,0.1199248445892696,100,19.13411647951684
460,9.569207227838737,0.0996820918179746,0.11968499490009106,100,19.13411647951684
461,25.631270809043905,0.09918368135888474,0.11944562491029087,100,19.13411647951684
462,30.32357076842694,0.09868776295209031,0.11920673366047028,100,19.13411647951684
463,20.900208464762336,0.09819432413732986,0.11896832019314935,100,19.13411647951684
464,30.20706943160272,0.09770335251664321,0.11873038355276304,100,19.13411647951684
465,19.303879047455638,0.09721483575406,0.11849292278565751,100,19.13411647951684
466,21.18476244874057,0.09672876157528969,0.11825593694008621,100,19.13411647951684
467,15.174938966185644,0.09624511776741324,0.11801942506620602,100,19.13411647951684
468,17.939590826950198,0.09576389217857617,0.11778338621607362,100,19.13411647951684
469,-0.23107099672538012,0.09528507271768329,0.11754781944364148,100,19.13411647951684
470,5.209424849875731,0.09480864735409487,0.11731272380475419,100,19.13411647951684
471,9.78019990650078,0.0943346041173244,0.1170780983571447,100,19.13411647951684
472,21.61213540876524,0.09386293109673778,0.1168439421604304,100,19.13411647951684
473,9.381370490202025,0.09339361644125409,0.11661025427610952,100,19.13411647951684
474,16.905188242229826,0.09292664835904782,0.11637703376755731,100,19.13411647951684
475,6.175118396368118,0.09246201511725258,0.1161442797000222,100,19.13411647951684
476,4.980948710255639,0.09199970504166631,0.11591199114062214,100,19.13411647951684
477,18.117825720530064,0.09153970651645797,0.11568016715834091,100,19.13411647951684
478,10.974432988490474,0.09108200798387568,0.11544880682402422,100,19.13411647951684
479,8.127161281875523,0.0906265979439563,0.11521790921037618,100,19.13411647951684
480,7.224778106476927,0.09017346495423652,0.11498747339195542,100,19.13411647951684
481,21.492042184180185,0.08972259762946533,0.11475749844517151,100,19.13411647951684
482,-2.8643463338243436,0.089273984641318,0.11452798344828118,100,19.13411647951684
483,22.671992646240295,0.0888276147181114,0.11429892748138461,100,19.13411647951684
484,11.107394082791835,0.08838347664452084,0.11407032962642184,100,19.13411647951684
485,13.675494136350505,0.08794155926129824,0.113842188967169,100,19.13411647951684
486,14.395395096595294,0.08750185146499175,0.11361450458923467,100,19.13411647951684
487,-2.6223832783455268,0.08706434220766679,0.11338727558005618,100,19.13411647951684
488,11.734851729231265,0.08662902049662846,0.11316050102889608,100,19.13411647951684
489,11.15571092035195,0.08619587539414532,0.11293418002683828,100,19.13411647951684
490,14.383220829870169,0.08576489601717459,0.1127083116667846,100,19.13411647951684
491,11.151675647309947,0.08533607153708872,0.11248289504345103,100,19.13411647951684
492,5.960576744729703,0.08490939117940327,0.11225792925336414,100,19.13411647951684
493,7.23931824050231,0.08448484422350626,0.11203341339485741,100,19.13411647951684
494,13.333139108003431,0.08406242000238873,0.1118093465680677,100,19.13411647951684
495,13.112315707575844,0.08364210790237678,0.11158572787493155,100,19.13411647951684
496,18.468214097358533,0.0832238973628649,0.1113625564191817,100,19.13411647951684
497,11.172768639071446,0.08280777787605056,0.11113983130634333,100,19.13411647951684
498,14.614812386729097,0.08239373898667031,0.11091755164373064,100,19.13411647951684
499,2.326442333538295,0.08198177029173696,0.11069571654044318,100,19.13411647951684
500,4.683501465981849,0.08157186144027828,0.1104743251073623,100,19.13411647951684
